[
  {
    "id": 1,
    "name": "Krishna",
    "category": " Permanent",
    "imageUrl": "https://m.media-amazon.com/images/I/81S-ekaE+vS._AC_UL320_.jpg",
    "oldPrice": "1899",
    "price": "799"
  },
  {
    "id": 1,
    "name": "Sameera",
    "category": "Men",
    "oldPrice": "999",
    "imageUrl": "https://m.media-amazon.com/images/I/61hMQOHmEIL._AC_UL320_.jpg",
    "price": "719"
  },
  {
    "id": 2,
    "name": "Radhika",
    "category": "Men",
    "imageUrl": "https://m.media-amazon.com/images/I/81b9Eh286BL._AC_UL320_.jpg",
    "oldPrice": "1349",
    "price": "944"
  },
  {
    "id": 3,
    "name": "Yogesh",
    "category": "Men",
    "imageUrl": "https://m.media-amazon.com/images/I/61U-R3-znNL._AC_UL320_.jpg",
    "oldPrice": "999",
    "price": "469"
  },
  {
    "id": 4,
    "name": "Radhe",
    "category": "men",
    "imageUrl": "https://m.media-amazon.com/images/I/81Ud8DjRbXL._AC_UL320_.jpg",
    "oldPrice": "849",
    "price": "760"
  },
  {
    "id": 5,
    "name": "Anshu",
    "category": "Men",
    "imageUrl": "https://m.media-amazon.com/images/I/71M5-l4H-aL._AC_UL320_.jpg",
    "oldPrice": "599",
    "price": "449"
  },
  {
    "id": 6,
    "name": "Balay",
    "category": "Men",
    "imageUrl": "https://m.media-amazon.com/images/I/71OEHq3M-9L._AC_UL320_.jpg",
    "oldPrice": "2799",
    "price": "1196"
  },
  {
    "id": 7,
    "name": "Julie",
    "category": "Men",
    "imageUrl": "https://m.media-amazon.com/images/I/81iRr9yEzxL._AC_UL320_.jpg",
    "oldPrice": "1049",
    "price": "890"
  },
  {
    "id": 8,
    "name": "Swaminathan",
    "category": "Men",
    "imageUrl": "https://m.media-amazon.com/images/I/81iqNypAS-L._AC_UL320_.jpg",
    "oldPrice": "3699",
    "price": "999"
  },
  {
    "id": 9,
    "name": "Charandeep",
    "category": "Men",
    "imageUrl": "https://m.media-amazon.com/images/I/61Uu4ZpqCDL._AC_UL320_.jpg",
    "oldPrice": "1499",
    "price": "719"
  },
   {
    "id": 9,
    "name": "Sankaran",
    "category": "Men",
    "imageUrl": "https://m.media-amazon.com/images/I/61Uu4ZpqCDL._AC_UL320_.jpg",
    "oldPrice": "1499",
    "price": "719"
  },
   {
    "id": 9,
    "name": "Alpa",
    "category": "Men",
    "imageUrl": "https://m.media-amazon.com/images/I/61Uu4ZpqCDL._AC_UL320_.jpg",
    "oldPrice": "1499",
    "price": "719"
  },
    {
    "id": 9,
    "name": "Sheth",
    "category": "Men",
    "imageUrl": "https://m.media-amazon.com/images/I/61Uu4ZpqCDL._AC_UL320_.jpg",
    "oldPrice": "1499",
    "price": "719"
  },
    {
    "id": 9,
    "name": "Sabina",
    "category": "Men",
    "imageUrl": "https://m.media-amazon.com/images/I/61Uu4ZpqCDL._AC_UL320_.jpg",
    "oldPrice": "1499",
    "price": "719"
  }
]
